-- phpMyAdmin SQL Dump
-- version 5.2.0
-- https://www.phpmyadmin.net/
--
-- Host: 127.0.0.1
-- Generation Time: May 02, 2023 at 04:22 PM
-- Server version: 10.4.25-MariaDB
-- PHP Version: 7.4.30

SET SQL_MODE = "NO_AUTO_VALUE_ON_ZERO";
START TRANSACTION;
SET time_zone = "+00:00";


/*!40101 SET @OLD_CHARACTER_SET_CLIENT=@@CHARACTER_SET_CLIENT */;
/*!40101 SET @OLD_CHARACTER_SET_RESULTS=@@CHARACTER_SET_RESULTS */;
/*!40101 SET @OLD_COLLATION_CONNECTION=@@COLLATION_CONNECTION */;
/*!40101 SET NAMES utf8mb4 */;

--
-- Database: `coffee`
--

-- --------------------------------------------------------

--
-- Table structure for table `admin`
--

CREATE TABLE `admin` (
  `id` int(255) NOT NULL,
  `name` varchar(255) NOT NULL,
  `email` varchar(255) NOT NULL,
  `password` varchar(255) NOT NULL,
  `profile` varchar(255) NOT NULL
) ENGINE=InnoDB DEFAULT CHARSET=utf8mb4;

--
-- Dumping data for table `admin`
--

INSERT INTO `admin` (`id`, `name`, `email`, `password`, `profile`) VALUES
(1, 'selena ansari', 'selenaAnsari@gmail.c', '7110eda4d09e062aa5e4a390b0a572ac0d2c0220', 'glitch.jpg');

-- --------------------------------------------------------

--
-- Table structure for table `cart`
--

CREATE TABLE `cart` (
  `id` varchar(20) NOT NULL,
  `user_id` varchar(20) NOT NULL,
  `product_id` varchar(20) NOT NULL,
  `price` varchar(10) NOT NULL,
  `qty` varchar(2) NOT NULL DEFAULT '1'
) ENGINE=InnoDB DEFAULT CHARSET=utf8mb4;

--
-- Dumping data for table `cart`
--

INSERT INTO `cart` (`id`, `user_id`, `product_id`, `price`, `qty`) VALUES
('UzH7ynJfxmARltq6q5Sx', 'UAVjN46f0bvXSKquej8S', 'aSBHDzG26iXurm6cfoNv', '50', '1');

-- --------------------------------------------------------

--
-- Table structure for table `message`
--

CREATE TABLE `message` (
  `id` varchar(255) NOT NULL,
  `user_id` varchar(255) NOT NULL,
  `name` varchar(255) NOT NULL,
  `email` varchar(100) NOT NULL,
  `subject` varchar(255) NOT NULL,
  `message` varchar(255) NOT NULL
) ENGINE=InnoDB DEFAULT CHARSET=utf8mb4;

--
-- Dumping data for table `message`
--

INSERT INTO `message` (`id`, `user_id`, `name`, `email`, `subject`, `message`) VALUES
('0', '0', 'mahi', 'mahinazir@gmail.com', 'shop', 'good'),
('Lm7uFQVcX3czwG0yX5p0', 'UAVjN46f0bvXSKquej8S', 'mahi', 'mahinazir@gmail.com', 'maths,science', 'kk');

-- --------------------------------------------------------

--
-- Table structure for table `orders`
--

CREATE TABLE `orders` (
  `id` varchar(20) NOT NULL,
  `user_id` varchar(20) NOT NULL,
  `name` varchar(50) NOT NULL,
  `number` varchar(10) NOT NULL,
  `email` varchar(50) NOT NULL,
  `address` varchar(200) NOT NULL,
  `address_type` varchar(10) NOT NULL,
  `method` varchar(50) NOT NULL,
  `product_id` varchar(20) NOT NULL,
  `price` varchar(10) NOT NULL,
  `qty` varchar(2) NOT NULL,
  `date` date NOT NULL DEFAULT current_timestamp(),
  `status` varchar(50) NOT NULL DEFAULT 'in progress',
  `payment_status` varchar(100) NOT NULL
) ENGINE=InnoDB DEFAULT CHARSET=utf8mb4;

--
-- Dumping data for table `orders`
--

INSERT INTO `orders` (`id`, `user_id`, `name`, `number`, `email`, `address`, `address_type`, `method`, `product_id`, `price`, `qty`, `date`, `status`, `payment_status`) VALUES
('EYZ94PhWrzea0s9Tdd2J', 'UAVjN46f0bvXSKquej8S', 'mahi', '7788669955', 'mahinazir@gmail.com', '507A, 24 back side, Delhi, India, 110019', 'home', 'cash on delivery', 'BLTtlhOgq1cuz7plh4Ia', '123', '1', '2023-02-28', 'canceled', 'pending'),
('DStPLCBmD0m0OjAFYlhg', 'UAVjN46f0bvXSKquej8S', 'mahi', '7788669955', 'mahinazir@gmail.com', '507A, 24 back side, Delhi, India, 110019', 'home', 'cash on delivery', 'jo35YMmBWpvbCMB65UdA', '160', '1', '2023-02-28', 'canceled', 'pending'),
('XyoWmad14f2YOWbi11XF', 'UAVjN46f0bvXSKquej8S', 'mahi', '7788669955', 'mahinazir@gmail.com', '507A, 24 back side, Delhi, India, 110019', 'home', 'cash on delivery', 'aSBHDzG26iXurm6cfoNv', '50', '1', '2023-02-28', 'canceled', 'pending'),
('OGTzld6EmHmNHeXZQkB6', 'UAVjN46f0bvXSKquej8S', 'mahi', '7788669955', 'mahinazir@gmail.com', '507A, 24 back side, Delhi, India, 110019', 'home', 'cash on delivery', 'uOarNNg0n3KD9OvPtItP', '80', '1', '2023-02-28', 'canceled', 'pending'),
('UUFMa328sIAdb3znDXce', 'UAVjN46f0bvXSKquej8S', 'mahi', '7788669955', 'mahinazir@gmail.com', '567G, 24 back side, Delhi, India, 110080', 'home', 'credit or debit card', 'kun96OpQed6Eww6M1URo', '120', '1', '2023-02-28', 'canceled', 'complete'),
('Bsatz7miuWWgXMEx5qzW', 'UAVjN46f0bvXSKquej8S', 'mahi', '7788669955', 'mahinazir@gmail.com', '507A, 24 back side, Delhi, India, 110019', 'home', 'cash on delivery', 'kun96OpQed6Eww6M1URo', '120', '1', '2023-02-28', 'in progress', 'complete'),
('4SJfc2GJY4ekJN45CKbP', 'UAVjN46f0bvXSKquej8S', 'mahi', '7788669955', 'mahinazir@gmail.com', '507A, 24 back side, Delhi, India, 110019', 'home', 'cash on delivery', 'BLTtlhOgq1cuz7plh4Ia', '123', '1', '2023-02-28', 'in progress', 'pending'),
('Jd0yGYljvlchrTLd5KGQ', 'UAVjN46f0bvXSKquej8S', 'mahi', '7788669955', 'mahinazir@gmail.com', '456A, 24 back side, Delhi, India, 110019', 'office', 'credit or debit card', 'BLTtlhOgq1cuz7plh4Ia', '123', '1', '2023-02-28', 'in progress', 'complete'),
('wtyNDfBfSwShC9FXFnbC', 'UAVjN46f0bvXSKquej8S', 'mahi', '7788669955', 'mahinazir@gmail.com', '456A, 24 back side, Delhi, India, 110019', 'office', 'credit or debit card', 'aSBHDzG26iXurm6cfoNv', '50', '1', '2023-02-28', 'in progress', 'pending'),
('KRbSyH7ZgbVzWyyZQoiv', 'UAVjN46f0bvXSKquej8S', 'mahi', '7788669955', 'mahinazir@gmail.com', '456A, 24 back side, Delhi, India, 110019', 'office', 'credit or debit card', 'uOarNNg0n3KD9OvPtItP', '80', '1', '2023-02-28', 'in progress', 'pending'),
('9vucKr2sSPqcIUidPedP', 'UAVjN46f0bvXSKquej8S', 'mahi', '7788669955', 'mahinazir@gmail.com', '507A, 24 back side, Delhi, India, 110019', 'office', 'cash on delivery', 'kun96OpQed6Eww6M1URo', '120', '1', '2023-02-28', 'in progress', 'pending'),
('gq2RDUuhaPe7TDcxiGCy', 'UAVjN46f0bvXSKquej8S', 'mahi', '7788669955', 'mahinazir@gmail.com', '507A, 24 back side, Delhi, India, 110019', 'home', 'cash on delivery', 'g5DLcNHmtHvq3DtJYsCb', '80', '1', '2023-02-28', 'in progress', 'pending'),
('JqyfHoT9UzR4qcvp3LNJ', 'd5URvsP8VusCXQoCdMBG', 'shalu', '7788669955', 'shaluAnsari@gmail.com', '507A, 24 back side, mumbai, India, 110019', 'home', 'credit or debit card', 'BLTtlhOgq1cuz7plh4Ia', '123', '1', '2023-02-28', 'in progress', 'complete'),
('yyD4B276Pg9lfGpRjcr9', 'd5URvsP8VusCXQoCdMBG', 'shalu', '7788669944', 'shaluAnsari@gmail.com', '507A, 24 back side, mumbai, india, 112233', 'office', 'credit or debit card', 'jo35YMmBWpvbCMB65UdA', '160', '2', '2023-02-28', 'canceled', 'pending');

-- --------------------------------------------------------

--
-- Table structure for table `products`
--

CREATE TABLE `products` (
  `id` varchar(255) NOT NULL,
  `name` varchar(255) NOT NULL,
  `price` varchar(255) NOT NULL,
  `image` varchar(255) NOT NULL,
  `product_detail` varchar(500) NOT NULL,
  `status` varchar(100) NOT NULL
) ENGINE=InnoDB DEFAULT CHARSET=utf8mb4;

--
-- Dumping data for table `products`
--

INSERT INTO `products` (`id`, `name`, `price`, `image`, `product_detail`, `status`) VALUES
('BLTtlhOgq1cuz7plh4Ia', 'Lemon Green Tea', '123', '8lXs7FvkBvchy7RijAzE.jpg', 'Lorem ipsum dolor sit amet, consectetur adipisicing elit, sed do eiusmod\r\n					tempor incididunt ut labore et dolore magna aliqua. Ut enim ad minim veniam,\r\n					quis nostrud exercitation ullamco laboris nisi ut aliquip ex ea commodo\r\n					consequat. Duis aute irure dolor in reprehenderit in voluptate velit esse\r\n					cillum dolore eu fugiat nulla pariatur. Excepteur sint occaecat cupidatat non\r\n					proident, sunt in culpa qui officia deserunt mollit anim id est laborum.Lorem ipsum dolor sit am', 'deactive'),
('jo35YMmBWpvbCMB65UdA', 'Kabusecha Green Tea', '160', 'vKK7WLWKiqhMBVltCovA.jpg', 'Lorem ipsum dolor sit amet, consectetur adipisicing elit, sed do eiusmod\r\n					tempor incididunt ut labore et dolore magna aliqua. Ut enim ad minim veniam,\r\n					quis nostrud exercitation ullamco laboris nisi ut aliquip ex ea commodo\r\n					consequat. Duis aute irure dolor in reprehenderit in voluptate velit esse\r\n					cillum dolore eu fugiat nulla pariatur. Excepteur sint occaecat cupidatat non\r\n					proident, sunt in culpa qui officia deserunt mollit anim id est laborum.Lorem ipsum dolor sit am', 'active'),
('aSBHDzG26iXurm6cfoNv', 'Gyokuro Green Tea', '50', 'OyP5om4L0iRn9ES2sTPz.jpg', 'Lorem ipsum dolor sit amet, consectetur adipisicing elit, sed do eiusmod\r\n					tempor incididunt ut labore et dolore magna aliqua. Ut enim ad minim veniam,\r\n					quis nostrud exercitation ullamco laboris nisi ut aliquip ex ea commodo\r\n					consequat. Duis aute irure dolor in reprehenderit in voluptate velit esse\r\n					cillum dolore eu fugiat nulla pariatur. Excepteur sint occaecat cupidatat non\r\n					proident, sunt in culpa qui officia deserunt mollit anim id est laborum.Lorem ipsum dolor sit am', 'active'),
('g5DLcNHmtHvq3DtJYsCb', 'Sweet Lemon Iced Tea', '80', 'FKPiM5OkUoYVwHVIP2uz.jpg', 'Lorem ipsum dolor sit amet, consectetur adipisicing elit, sed do eiusmod\r\n					tempor incididunt ut labore et dolore magna aliqua. Ut enim ad minim veniam,\r\n					quis nostrud exercitation ullamco laboris nisi ut aliquip ex ea commodo\r\n					consequat. Duis aute irure dolor in reprehenderit in voluptate velit esse\r\n					cillum dolore eu fugiat nulla pariatur. Excepteur sint occaecat cupidatat non\r\n					proident, sunt in culpa qui officia deserunt mollit anim id est laborum.Lorem ipsum dolor sit am', 'active'),
('uOarNNg0n3KD9OvPtItP', 'Lemon Verbena Tea', '80', 'EJsJ87nGcHHHod779fKs.jpg', 'Lorem ipsum dolor sit amet, consectetur adipisicing elit, sed do eiusmod\r\n					tempor incididunt ut labore et dolore magna aliqua. Ut enim ad minim veniam,\r\n					quis nostrud exercitation ullamco laboris nisi ut aliquip ex ea commodo\r\n					consequat. Duis aute irure dolor in reprehenderit in voluptate velit esse\r\n					cillum dolore eu fugiat nulla pariatur. Excepteur sint occaecat cupidatat non\r\n					proident, sunt in culpa qui officia deserunt mollit anim id est laborum.Lorem ipsum dolor sit am', 'active'),
('26lPPTjXh9EkNc7WocS5', 'Longjing Tea', '70', 'dkqSpkWuMj94JicCEqHs.jpg', 'Lorem ipsum dolor sit amet, consectetur adipisicing elit, sed do eiusmod\r\n					tempor incididunt ut labore et dolore magna aliqua. Ut enim ad minim veniam,\r\n					quis nostrud exercitation ullamco laboris nisi ut aliquip ex ea commodo\r\n					consequat. Duis aute irure dolor in reprehenderit in voluptate velit esse\r\n					cillum dolore eu fugiat nulla pariatur. Excepteur sint occaecat cupidatat non\r\n					proident, sunt in culpa qui officia deserunt mollit anim id est laborum.Lorem ipsum dolor sit am', 'active'),
('kun96OpQed6Eww6M1URo', 'Gunpowder Tea', '120', '8lXs7FvkBvchy7RijAzE.jpg', 'Lorem ipsum dolor sit amet, consectetur adipisicing elit, sed do eiusmod\r\n					tempor incididunt ut labore et dolore magna aliqua. Ut enim ad minim veniam,\r\n					quis nostrud exercitation ullamco laboris nisi ut aliquip ex ea commodo\r\n					consequat. Duis aute irure dolor in reprehenderit in voluptate velit esse\r\n					cillum dolore eu fugiat nulla pariatur. Excepteur sint occaecat cupidatat non\r\n					proident, sunt in culpa qui officia deserunt mollit anim id est laborum.Lorem ipsum dolor sit am', 'active'),
('wrJTrzoHsuEwr7hGi3R6', 'Minty Lemon Iced Tea', '95', 'awmvYZRs2wNZh0yFjoSk.jpg', 'Lorem ipsum dolor sit amet, consectetur adipisicing elit, sed do eiusmod\r\n					tempor incididunt ut labore et dolore magna aliqua. Ut enim ad minim veniam,\r\n					quis nostrud exercitation ullamco laboris nisi ut aliquip ex ea commodo\r\n					consequat. Duis aute irure dolor in reprehenderit in voluptate velit esse\r\n					cillum dolore eu fugiat nulla pariatur. Excepteur sint occaecat cupidatat non\r\n					proident, sunt in culpa qui officia deserunt mollit anim id est laborum.Lorem ipsum dolor sit am', 'active'),
('eBbtkVNYiJJKT9mCgYbk', 'tea', '200', 'card2.jpg', 'Lorem ipsum dolor sit amet, consectetur adipisicing elit, sed do eiusmod\r\n	tempor incididunt ut labore et dolore magna aliqua. Ut enim ad minim veniam,\r\n	quis nostrud exercitation ullamco laboris nisi ut aliquip ex ea commodo\r\n	consequat. Duis aute irure dolor in reprehenderit in voluptate velit esse\r\n	cillum dolore eu fugiat nulla pariatur. Excepteur sint occaecat cupidatat non\r\n	proident, sunt in culpa qui officia deserunt mollit anim id est laborum.Lorem ipsum dolor sit amet, consectetur adip', 'active'),
('bEvIK2PvwOqY4l8nuPTZ', 'green herbal coffee', '23', 'YsMZ5Bezou9eH1KhTZrZ.jpg', 'Lorem ipsum dolor sit amet, consectetur adipisicing elit, sed do eiusmod\r\n					tempor incididunt ut labore et dolore magna aliqua. Ut enim ad minim veniam,\r\n					quis nostrud exercitation ullamco laboris nisi ut aliquip ex ea commodo\r\n					consequat. Duis aute irure dolor in reprehenderit in voluptate velit esse\r\n					cillum dolore eu fugiat nulla pariatur. Excepteur sint occaecat cupidatat non\r\n					proident, sunt in culpa qui officia deserunt mollit anim id est laborum.Lorem ipsum dolor sit am', 'active');

-- --------------------------------------------------------

--
-- Table structure for table `users`
--

CREATE TABLE `users` (
  `id` varchar(255) NOT NULL,
  `name` varchar(255) NOT NULL,
  `email` varchar(255) NOT NULL,
  `password` varchar(255) NOT NULL,
  `user_type` varchar(255) NOT NULL DEFAULT 'user'
) ENGINE=InnoDB DEFAULT CHARSET=utf8mb4;

--
-- Dumping data for table `users`
--

INSERT INTO `users` (`id`, `name`, `email`, `password`, `user_type`) VALUES
('UAVjN46f0bvXSKquej8S', 'mahi', 'mahinazir@gmail.com', 'mahi786', 'user'),
('ir7qjxTxaQm9PM5drpEn', 'selena', 'selenaAnsari@gmail.com', 'selena786', 'user'),
('GE2LLAWjKATiQRLHaa6O', 'Aiyman', 'aiymanAnsari@gmail.com', '12345', 'user'),
('d5URvsP8VusCXQoCdMBG', 'shalu', 'shaluAnsari@gmail.com', '12345', 'user');

-- --------------------------------------------------------

--
-- Table structure for table `wishlist`
--

CREATE TABLE `wishlist` (
  `id` varchar(255) NOT NULL,
  `user_id` varchar(255) NOT NULL,
  `product_id` varchar(255) NOT NULL,
  `price` varchar(255) NOT NULL
) ENGINE=InnoDB DEFAULT CHARSET=utf8mb4;

--
-- Dumping data for table `wishlist`
--

INSERT INTO `wishlist` (`id`, `user_id`, `product_id`, `price`) VALUES
('FngaVJmk3vBeq3KUmt03', 'UAVjN46f0bvXSKquej8S', 'jo35YMmBWpvbCMB65UdA', '160');
COMMIT;

/*!40101 SET CHARACTER_SET_CLIENT=@OLD_CHARACTER_SET_CLIENT */;
/*!40101 SET CHARACTER_SET_RESULTS=@OLD_CHARACTER_SET_RESULTS */;
/*!40101 SET COLLATION_CONNECTION=@OLD_COLLATION_CONNECTION */;
